key,0,1,2,3,4,5,6,7,8,9,10,11,12,13,14,15,16,17,18,19,20,21,22,23,24,25,26,27,28,29,30,31,32,33,34,35,36,37,38,39,40,41,42,43,44
#,,,,,,,,,,,,,,,,,,,,,,,,,,,,,,,,,,,,,,,,,,,,,
int32,bool,uint32,byte,byte,int32,int32,int32,int32,int32,int32,int32,int32,int32,int32,int32,int32,int32,int32,int32,int32,int32,int32,int32,int32,int32,int32,int32,int32,int32,int32,int32,int32,int32,int32,int32,int32,int32,int32,int32,int32,int32,int32,int32,int32,str
262144,True,60413,0,0,1667,0,0,0,0,0,0,0,0,0,0,0,0,0,0,0,0,0,0,0,0,0,0,0,0,0,0,0,0,0,0,0,0,0,0,0,0,0,0,0,"Test Shop"
262145,True,60412,0,0,1667,0,0,0,0,0,0,0,0,0,0,0,0,0,0,0,0,0,0,0,0,0,0,0,0,0,0,0,0,0,0,0,0,0,0,0,0,0,0,0,""
262146,True,60412,0,0,1667,0,0,0,0,0,0,0,0,0,0,0,0,0,0,0,0,0,0,0,0,0,0,0,0,0,0,0,0,0,0,0,0,0,0,0,0,0,0,0,""
262147,True,60413,0,0,1667,0,0,0,0,0,0,0,0,0,0,0,0,0,0,0,0,0,0,0,0,0,0,0,0,0,0,0,0,0,0,0,0,0,0,0,0,0,0,0,""
262148,False,60412,0,0,1667,0,0,0,0,0,0,0,0,0,0,0,0,0,0,0,0,0,0,0,0,0,0,0,0,0,0,0,0,0,0,0,0,0,0,0,0,0,0,0,""
262149,False,60412,0,0,1667,0,0,0,0,0,0,0,0,0,0,0,0,0,0,0,0,0,0,0,0,0,0,0,0,0,0,0,0,0,0,0,0,0,0,0,0,0,0,0,""
262150,True,60412,0,0,0,0,0,0,0,0,0,0,0,0,0,0,0,0,0,0,0,0,0,0,0,0,0,0,0,0,0,0,0,0,0,0,0,0,0,0,0,0,0,0,""
262151,False,60412,0,0,1618,1667,1666,1665,0,0,0,0,0,0,0,0,0,0,0,0,0,0,0,0,0,0,0,0,0,0,0,0,0,0,0,0,0,0,0,0,0,0,0,0,"Purchase Tools"
262152,False,60412,0,0,325,324,330,331,432,431,585,584,588,589,679,678,0,0,0,0,0,0,0,0,0,0,0,0,0,0,0,0,0,0,0,0,0,0,0,0,0,0,0,0,"Purchase Lalafellin Gear"
262153,False,60412,0,0,327,326,330,331,434,433,587,586,588,589,681,680,0,0,0,0,0,0,0,0,0,0,0,0,0,0,0,0,0,0,0,0,0,0,0,0,0,0,0,0,"Purchase Roegadyn Gear"
262154,False,60412,0,0,319,318,330,331,426,425,579,578,588,589,673,672,0,0,0,0,0,0,0,0,0,0,0,0,0,0,0,0,0,0,0,0,0,0,0,0,0,0,0,0,"Purchase Elezen Gear"
262155,False,60412,0,0,321,320,330,331,428,427,581,580,588,589,675,674,0,0,0,0,0,0,0,0,0,0,0,0,0,0,0,0,0,0,0,0,0,0,0,0,0,0,0,0,"Purchase Hyuran Gear"
262156,False,60412,0,0,323,322,330,331,430,429,583,582,588,589,677,676,0,0,0,0,0,0,0,0,0,0,0,0,0,0,0,0,0,0,0,0,0,0,0,0,0,0,0,0,"Purchase Miqo'te Gear"
262157,False,60412,0,0,1474,1521,1567,0,0,0,0,0,0,0,0,0,0,0,0,0,0,0,0,0,0,0,0,0,0,0,0,0,0,0,0,0,0,0,0,0,0,0,0,0,""
262158,False,60412,0,0,1618,1667,1666,1665,0,0,0,0,0,0,0,0,0,0,0,0,0,0,0,0,0,0,0,0,0,0,0,0,0,0,0,0,0,0,0,0,0,0,0,0,"Purchase Tools"
262159,False,60412,0,0,325,324,330,331,432,431,585,584,588,589,679,678,0,0,0,0,0,0,0,0,0,0,0,0,0,0,0,0,0,0,0,0,0,0,0,0,0,0,0,0,"Purchase Lalafellin Gear"
262160,False,60412,0,0,327,326,330,331,434,433,587,586,588,589,681,680,0,0,0,0,0,0,0,0,0,0,0,0,0,0,0,0,0,0,0,0,0,0,0,0,0,0,0,0,"Purchase Roegadyn Gear"
262161,False,60412,0,0,319,318,330,331,426,425,579,578,588,589,673,672,0,0,0,0,0,0,0,0,0,0,0,0,0,0,0,0,0,0,0,0,0,0,0,0,0,0,0,0,"Purchase Elezen Gear"
262162,False,60412,0,0,321,320,330,331,428,427,581,580,588,589,675,674,0,0,0,0,0,0,0,0,0,0,0,0,0,0,0,0,0,0,0,0,0,0,0,0,0,0,0,0,"Purchase Hyuran Gear"
262163,False,60412,0,0,323,322,330,331,430,429,583,582,588,589,677,676,0,0,0,0,0,0,0,0,0,0,0,0,0,0,0,0,0,0,0,0,0,0,0,0,0,0,0,0,"Purchase Miqo'te Gear"
262164,False,60412,0,0,1618,1667,1666,1665,0,0,0,0,0,0,0,0,0,0,0,0,0,0,0,0,0,0,0,0,0,0,0,0,0,0,0,0,0,0,0,0,0,0,0,0,"Purchase Tools"
262165,False,60412,0,0,325,324,330,331,432,431,585,584,588,589,679,678,0,0,0,0,0,0,0,0,0,0,0,0,0,0,0,0,0,0,0,0,0,0,0,0,0,0,0,0,"Purchase Lalafellin Gear"
262166,False,60412,0,0,327,326,330,331,434,433,587,586,588,589,681,680,0,0,0,0,0,0,0,0,0,0,0,0,0,0,0,0,0,0,0,0,0,0,0,0,0,0,0,0,"Purchase Roegadyn Gear"
262167,False,60412,0,0,319,318,330,331,426,425,579,578,588,589,673,672,0,0,0,0,0,0,0,0,0,0,0,0,0,0,0,0,0,0,0,0,0,0,0,0,0,0,0,0,"Purchase Elezen Gear"
262168,False,60412,0,0,321,320,330,331,428,427,581,580,588,589,675,674,0,0,0,0,0,0,0,0,0,0,0,0,0,0,0,0,0,0,0,0,0,0,0,0,0,0,0,0,"Purchase Hyuran Gear"
262169,False,60412,0,0,323,322,330,331,430,429,583,582,588,589,677,676,0,0,0,0,0,0,0,0,0,0,0,0,0,0,0,0,0,0,0,0,0,0,0,0,0,0,0,0,"Purchase Miqo'te Gear"
262170,False,60412,0,0,1282,1283,1365,1366,1372,1373,1395,1400,1411,1412,1425,1426,1431,1453,1458,0,0,0,0,0,0,0,0,0,0,0,0,0,0,0,0,0,0,0,0,0,0,0,0,0,""
262171,False,60412,0,0,1273,1274,1289,1290,1311,1312,1366,1368,1372,1395,1400,1405,1406,1419,1420,1430,1431,1432,1451,1452,1453,1463,0,0,0,0,0,0,0,0,0,0,0,0,0,0,0,0,0,0,""
262172,False,60412,0,0,1282,1283,1294,1295,1313,1368,1383,1400,1401,1419,1420,1431,1432,1452,1453,1468,1626,0,0,0,0,0,0,0,0,0,0,0,0,0,0,0,0,0,0,0,0,0,0,0,""
262173,False,60412,0,0,1282,1283,1294,1295,1296,1365,1368,1400,1419,1420,0,0,0,0,0,0,0,0,0,0,0,0,0,0,0,0,0,0,0,0,0,0,0,0,0,0,0,0,0,0,""
262174,False,60412,0,0,1454,1455,1456,1460,1470,1480,1517,1518,1519,1520,1523,1547,1548,1549,1550,1566,1568,1570,1576,1577,1578,1579,1588,1601,1602,1608,1609,1610,1611,1612,1613,1614,1625,1632,1658,0,0,0,0,0,""
262175,False,60412,0,0,1365,1366,1372,1387,1388,1389,1405,1419,1420,1425,1426,1474,0,0,0,0,0,0,0,0,0,0,0,0,0,0,0,0,0,0,0,0,0,0,0,0,0,0,0,0,""
262176,False,60412,0,0,1295,1297,1311,1327,1328,1329,1330,1331,1332,1358,1366,1419,1420,1425,1430,1431,1432,1434,1476,0,0,0,0,0,0,0,0,0,0,0,0,0,0,0,0,0,0,0,0,0,""
262177,False,60412,0,0,1273,1274,1282,1283,1289,1306,1307,1395,1396,1411,1419,1420,1431,1434,1455,1457,1460,1461,1462,1463,1465,1466,1467,1469,1477,1481,1483,1521,1587,1588,1706,0,0,0,0,0,0,0,0,0,""
262178,False,60412,0,0,757,758,759,765,768,771,772,773,791,792,793,799,800,801,831,832,833,839,840,841,874,875,876,882,883,884,0,0,0,0,0,0,0,0,0,0,0,0,0,0,"Purchase Battle Accessories"
262179,False,60412,0,0,782,783,784,786,787,788,821,822,823,826,827,828,829,866,867,870,871,903,904,907,908,0,0,0,0,0,0,0,0,0,0,0,0,0,0,0,0,0,0,0,"Purchase Field Accessories"
262180,False,60412,0,0,1153,1154,1155,1156,1160,1159,1158,1161,1157,1173,1174,1175,1176,0,0,0,0,0,0,0,0,0,0,0,0,0,0,0,0,0,0,0,0,0,0,0,0,0,0,0,""
262181,False,60412,0,0,1659,1660,1661,1662,1663,1671,1672,1673,1674,1675,1676,1677,1678,1679,1680,1681,1682,1683,1684,1685,1686,1687,1688,1689,1690,1691,1692,1693,1694,1695,1696,1697,1698,1699,1700,1701,1702,1703,0,0,"Purchase Tools"
262182,False,60412,0,0,1273,1282,1294,1295,1311,1358,1365,1366,1372,1387,1395,1400,1405,1411,1419,1425,1430,1431,1451,1452,1453,1454,1455,1456,1457,1458,1459,1460,1517,1540,1547,1581,1587,1597,1601,1602,1625,1632,1664,0,""
262183,False,60412,0,0,911,912,913,914,923,924,931,932,933,934,943,944,1088,1089,1090,1091,1101,1102,1118,1120,1153,1155,1173,1174,1659,1660,1661,1662,1663,0,0,0,0,0,0,0,0,0,0,0,"Purchase Tools"
262184,False,60412,0,0,1,2,3,4,5,6,7,19,20,21,22,23,24,36,37,38,39,52,53,54,55,167,168,169,170,171,172,0,0,0,0,0,0,0,0,0,0,0,0,0,"Purchase Weapons"
262185,False,60412,0,0,1188,1193,1201,1207,1215,1216,1231,1237,1242,1248,1253,1267,1268,0,0,0,0,0,0,0,0,0,0,0,0,0,0,0,0,0,0,0,0,0,0,0,0,0,0,0,""
262186,False,60412,0,0,197,199,219,260,270,271,335,336,353,356,357,371,435,436,438,451,452,454,469,481,520,521,535,536,590,591,592,594,613,614,615,616,628,683,686,705,708,719,728,0,"Purchase Battle Gear"
262187,False,60412,0,0,279,280,297,298,299,388,389,390,405,406,407,491,492,493,505,506,507,557,558,565,566,642,643,644,656,657,658,732,733,734,746,747,748,0,0,0,0,0,0,0,"Purchase Field Gear"
262188,False,60412,0,0,757,758,759,765,768,771,772,773,791,792,793,799,800,801,831,832,833,839,840,841,874,875,876,882,883,884,0,0,0,0,0,0,0,0,0,0,0,0,0,0,"Purchase Battle Accessories"
262189,False,60412,0,0,782,783,784,786,787,788,821,822,823,826,827,828,829,866,867,870,871,903,904,907,908,0,0,0,0,0,0,0,0,0,0,0,0,0,0,0,0,0,0,0,"Purchase Field Accessories"
262190,False,60412,0,0,1153,1154,1155,1156,1160,1159,1158,1161,1157,1173,1174,1175,1176,0,0,0,0,0,0,0,0,0,0,0,0,0,0,0,0,0,0,0,0,0,0,0,0,0,0,0,""
262191,False,60412,0,0,1659,1660,1661,1662,1663,1671,1672,1673,1674,1675,1676,1677,1678,1679,1680,1681,1682,1683,1684,1685,1686,1687,1688,1689,1690,1691,1692,1693,1694,1695,1696,1697,1698,1699,1700,1701,1702,1703,0,0,"Purchase Tools"
262192,False,60412,0,0,1273,1282,1294,1295,1311,1358,1365,1366,1372,1387,1395,1400,1405,1411,1419,1425,1430,1431,1451,1452,1453,1454,1455,1456,1457,1458,1459,1460,1517,1540,1547,1581,1587,1597,1601,1602,1625,1632,1664,0,""
262193,False,60412,0,0,951,952,953,964,965,971,972,973,983,984,990,991,992,1002,1003,1108,1111,1112,1118,1119,1120,1121,1153,1155,1173,1174,1659,1660,1661,1662,1663,0,0,0,0,0,0,0,0,0,"Purchase Tools"
262194,False,60412,0,0,68,69,70,72,73,86,87,88,89,90,91,167,168,169,170,171,172,0,0,0,0,0,0,0,0,0,0,0,0,0,0,0,0,0,0,0,0,0,0,0,"Purchase Weapons"
262195,False,60412,0,0,197,199,219,260,270,271,335,336,353,356,357,371,435,436,438,451,452,454,469,481,520,521,535,536,590,591,592,594,613,614,615,616,628,683,686,705,708,719,728,0,"Purchase Battle Gear"
262196,False,60412,0,0,279,280,297,298,299,388,389,390,405,406,407,491,492,493,505,506,507,557,558,565,566,642,643,644,656,657,658,732,733,734,746,747,748,0,0,0,0,0,0,0,"Purchase Field Gear"
262197,False,60412,0,0,1188,1193,1201,1207,1215,1216,1231,1237,1242,1248,1253,1267,1268,0,0,0,0,0,0,0,0,0,0,0,0,0,0,0,0,0,0,0,0,0,0,0,0,0,0,0,""
262198,False,60412,0,0,757,758,759,765,768,771,772,773,791,792,793,799,800,801,831,832,833,839,840,841,874,875,876,882,883,884,0,0,0,0,0,0,0,0,0,0,0,0,0,0,"Purchase Battle Accessories"
262199,False,60412,0,0,782,783,784,786,787,788,821,822,823,826,827,828,829,866,867,870,871,903,904,907,908,0,0,0,0,0,0,0,0,0,0,0,0,0,0,0,0,0,0,0,"Purchase Field Accessories"
262200,False,60412,0,0,1153,1154,1155,1156,1160,1159,1158,1161,1157,1173,1174,1175,1176,0,0,0,0,0,0,0,0,0,0,0,0,0,0,0,0,0,0,0,0,0,0,0,0,0,0,0,""
262201,False,60412,0,0,1659,1660,1661,1662,1663,1671,1672,1673,1674,1675,1676,1677,1678,1679,1680,1681,1682,1683,1684,1685,1686,1687,1688,1689,1690,1691,1692,1693,1694,1695,1696,1697,1698,1699,1700,1701,1702,1703,0,0,"Purchase Tools"
262202,False,60412,0,0,1273,1282,1294,1295,1311,1358,1365,1366,1372,1387,1395,1400,1405,1411,1419,1425,1430,1431,1451,1452,1453,1454,1455,1456,1457,1458,1459,1460,1517,1540,1547,1581,1587,1597,1601,1602,1625,1632,1664,0,""
262203,False,60412,0,0,1010,1011,1012,1013,1022,1023,1029,1030,1031,1032,1041,1042,1048,1049,1050,1051,1060,1061,1068,1069,1070,1071,1081,1118,1120,1153,1155,1173,1174,1659,1660,1661,1662,1663,0,0,0,0,0,0,"Purchase Tools"
262204,False,60412,0,0,101,102,103,104,105,106,121,122,123,124,125,126,139,140,141,142,143,155,156,157,167,168,169,170,171,172,0,0,0,0,0,0,0,0,0,0,0,0,0,0,"Purchase Weapons"
262205,False,60412,0,0,197,199,219,260,270,271,335,336,353,356,357,371,435,436,438,451,452,454,469,481,520,521,535,536,590,591,592,594,613,614,615,616,628,683,686,705,708,719,728,0,"Purchase Battle Gear"
262206,False,60412,0,0,279,280,297,298,299,388,389,390,405,406,407,491,492,493,505,506,507,557,558,565,566,642,643,644,656,657,658,732,733,734,746,747,748,0,0,0,0,0,0,0,"Purchase Field Gear"
262207,False,60412,0,0,1188,1193,1201,1207,1215,1216,1231,1237,1242,1248,1253,1267,1268,0,0,0,0,0,0,0,0,0,0,0,0,0,0,0,0,0,0,0,0,0,0,0,0,0,0,0,""
262208,False,60412,0,0,1565,1569,1575,0,0,0,0,0,0,0,0,0,0,0,0,0,0,0,0,0,0,0,0,0,0,0,0,0,0,0,0,0,0,0,0,0,0,0,0,0,""
262209,False,60412,0,0,114,131,78,12,29,43,62,162,95,0,0,0,0,0,0,0,0,0,0,0,0,0,0,0,0,0,0,0,0,0,0,0,0,0,0,0,0,0,0,0,"Purchase Weapons"
262210,False,60412,0,0,1633,1634,1635,1636,1637,1638,1639,1640,1641,1704,1705,0,0,0,0,0,0,0,0,0,0,0,0,0,0,0,0,0,0,0,0,0,0,0,0,0,0,0,0,0,""
262211,False,60412,0,0,1443,1445,1498,1505,1509,1533,0,0,0,0,0,0,0,0,0,0,0,0,0,0,0,0,0,0,0,0,0,0,0,0,0,0,0,0,0,0,0,0,0,0,""
262212,False,60412,0,0,759,765,768,771,772,773,794,804,807,810,811,812,834,846,852,855,856,857,877,888,891,894,895,896,0,0,0,0,0,0,0,0,0,0,0,0,0,0,0,0,"Purchase Battle Accessories"
262213,False,60412,0,0,207,210,344,362,456,459,526,622,714,0,0,0,0,0,0,0,0,0,0,0,0,0,0,0,0,0,0,0,0,0,0,0,0,0,0,0,0,0,0,0,"Purchase Battle Gear"
262214,False,60412,0,0,285,302,396,413,497,510,647,660,737,752,0,0,0,0,0,0,0,0,0,0,0,0,0,0,0,0,0,0,0,0,0,0,0,0,0,0,0,0,0,0,"Purchase Field Gear"
262215,False,60412,0,0,103,109,111,113,0,0,0,0,0,0,0,0,0,0,0,0,0,0,0,0,0,0,0,0,0,0,0,0,0,0,0,0,0,0,0,0,0,0,0,0,"Purchase Weapons"
262216,False,60412,0,0,912,932,1089,1118,1120,1153,1155,1173,1174,1659,0,0,0,0,0,0,0,0,0,0,0,0,0,0,0,0,0,0,0,0,0,0,0,0,0,0,0,0,0,0,"Purchase Tools"
262217,False,60412,0,0,2,3,20,21,36,37,53,54,167,169,0,0,0,0,0,0,0,0,0,0,0,0,0,0,0,0,0,0,0,0,0,0,0,0,0,0,0,0,0,0,"Purchase Weapons"
262218,False,60412,0,0,197,217,218,332,333,352,354,383,435,451,520,535,590,612,613,704,705,0,0,0,0,0,0,0,0,0,0,0,0,0,0,0,0,0,0,0,0,0,0,0,"Purchase Battle Gear"
262219,False,60412,0,0,279,388,491,505,642,656,732,746,0,0,0,0,0,0,0,0,0,0,0,0,0,0,0,0,0,0,0,0,0,0,0,0,0,0,0,0,0,0,0,0,"Purchase Field Gear"
262220,False,60412,0,0,912,932,1089,1153,1155,1173,1174,1659,0,0,0,0,0,0,0,0,0,0,0,0,0,0,0,0,0,0,0,0,0,0,0,0,0,0,0,0,0,0,0,0,"Purchase Tools"
262221,False,60412,0,0,912,913,923,924,932,933,943,944,1089,1090,1120,1124,1153,1155,1173,1174,1659,1660,0,0,0,0,0,0,0,0,0,0,0,0,0,0,0,0,0,0,0,0,0,0,"Purchase Tools"
262222,False,60412,0,0,2,3,20,21,36,37,53,54,167,169,0,0,0,0,0,0,0,0,0,0,0,0,0,0,0,0,0,0,0,0,0,0,0,0,0,0,0,0,0,0,"Purchase Weapons"
262223,False,60412,0,0,197,198,218,270,333,334,353,354,383,435,436,451,452,520,535,590,591,613,614,683,684,705,706,728,0,0,0,0,0,0,0,0,0,0,0,0,0,0,0,0,"Purchase Battle Gear"
262224,False,60412,0,0,279,280,297,388,389,405,491,492,505,506,557,565,642,643,656,657,732,733,746,747,0,0,0,0,0,0,0,0,0,0,0,0,0,0,0,0,0,0,0,0,"Purchase Field Gear"
262225,False,60412,0,0,912,913,923,924,932,933,943,944,1089,1090,1101,1118,1120,1153,1154,1155,1173,1174,1659,1660,0,0,0,0,0,0,0,0,0,0,0,0,0,0,0,0,0,0,0,0,"Purchase Tools"
262226,False,60412,0,0,2,3,20,21,36,37,53,54,167,169,0,0,0,0,0,0,0,0,0,0,0,0,0,0,0,0,0,0,0,0,0,0,0,0,0,0,0,0,0,0,"Purchase Weapons"
262227,False,60412,0,0,197,198,218,270,333,334,353,354,383,435,436,451,452,520,535,590,591,613,614,683,684,705,706,728,0,0,0,0,0,0,0,0,0,0,0,0,0,0,0,0,"Purchase Battle Gear"
262228,False,60412,0,0,279,280,297,388,389,405,491,492,505,506,557,565,642,643,656,657,732,733,746,747,0,0,0,0,0,0,0,0,0,0,0,0,0,0,0,0,0,0,0,0,"Purchase Field Gear"
262229,False,60412,0,0,913,914,924,933,934,944,1090,1091,1101,1123,1124,1153,1155,1173,1174,1659,1660,0,0,0,0,0,0,0,0,0,0,0,0,0,0,0,0,0,0,0,0,0,0,0,"Purchase Tools"
262230,False,60412,0,0,4,5,6,22,23,24,38,39,54,55,169,170,0,0,0,0,0,0,0,0,0,0,0,0,0,0,0,0,0,0,0,0,0,0,0,0,0,0,0,0,"Purchase Weapons"
262231,False,60412,0,0,199,200,219,220,271,335,336,337,355,356,437,438,453,454,481,521,522,536,537,592,593,594,615,616,685,686,707,708,0,0,0,0,0,0,0,0,0,0,0,0,"Purchase Battle Gear"
262232,False,60412,0,0,280,297,298,299,389,390,405,406,492,493,506,507,557,565,643,644,657,658,733,734,747,748,0,0,0,0,0,0,0,0,0,0,0,0,0,0,0,0,0,0,"Purchase Field Gear"
262233,False,60412,0,0,913,914,924,933,934,944,1090,1091,1101,1123,1124,1153,1155,1173,1174,1659,1660,0,0,0,0,0,0,0,0,0,0,0,0,0,0,0,0,0,0,0,0,0,0,0,"Purchase Tools"
262234,False,60412,0,0,4,5,6,22,23,24,38,39,54,55,169,170,0,0,0,0,0,0,0,0,0,0,0,0,0,0,0,0,0,0,0,0,0,0,0,0,0,0,0,0,"Purchase Weapons"
262235,False,60412,0,0,199,200,219,220,271,335,336,337,355,356,437,438,453,454,481,521,522,536,537,592,593,594,615,616,685,686,707,708,0,0,0,0,0,0,0,0,0,0,0,0,"Purchase Battle Gear"
262236,False,60412,0,0,280,297,298,299,389,390,405,406,492,493,506,507,557,565,643,644,657,658,733,734,747,748,0,0,0,0,0,0,0,0,0,0,0,0,0,0,0,0,0,0,"Purchase Field Gear"
262237,False,60412,0,0,913,914,924,933,934,944,1090,1091,1101,1123,1124,1153,1155,1173,1174,1618,1659,1660,0,0,0,0,0,0,0,0,0,0,0,0,0,0,0,0,0,0,0,0,0,0,"Purchase Tools"
262238,False,60412,0,0,4,5,6,22,23,24,38,39,54,55,169,170,0,0,0,0,0,0,0,0,0,0,0,0,0,0,0,0,0,0,0,0,0,0,0,0,0,0,0,0,"Purchase Weapons"
262239,False,60412,0,0,199,200,219,220,271,335,336,337,355,356,437,438,453,454,481,521,522,536,537,592,593,594,615,616,685,686,707,708,0,0,0,0,0,0,0,0,0,0,0,0,"Purchase Battle Gear"
262240,False,60412,0,0,280,297,298,299,389,390,405,406,492,493,506,507,557,565,643,644,657,658,733,734,747,748,0,0,0,0,0,0,0,0,0,0,0,0,0,0,0,0,0,0,"Purchase Field Gear"
262241,False,60412,0,0,914,924,934,944,1091,1101,1139,1153,1155,1173,1174,1659,1660,0,0,0,0,0,0,0,0,0,0,0,0,0,0,0,0,0,0,0,0,0,0,0,0,0,0,0,"Purchase Tools"
262242,False,60412,0,0,4,5,6,22,23,24,38,39,54,55,169,170,0,0,0,0,0,0,0,0,0,0,0,0,0,0,0,0,0,0,0,0,0,0,0,0,0,0,0,0,"Purchase Weapons"
262243,False,60412,0,0,199,200,219,220,271,335,336,337,355,356,437,438,453,454,481,521,522,536,537,592,593,594,615,616,685,686,707,708,0,0,0,0,0,0,0,0,0,0,0,0,"Purchase Battle Gear"
262244,False,60412,0,0,280,297,298,299,389,390,405,406,492,493,506,507,557,565,643,644,657,658,733,734,747,748,0,0,0,0,0,0,0,0,0,0,0,0,0,0,0,0,0,0,"Purchase Field Gear"
262245,False,60412,0,0,914,915,925,934,935,945,1091,1092,1102,1124,1128,1132,1153,1155,1173,1174,1659,1660,0,0,0,0,0,0,0,0,0,0,0,0,0,0,0,0,0,0,0,0,0,0,"Purchase Tools"
262246,False,60412,0,0,7,8,24,25,39,40,56,57,173,0,0,0,0,0,0,0,0,0,0,0,0,0,0,0,0,0,0,0,0,0,0,0,0,0,0,0,0,0,0,0,"Purchase Weapons"
262247,False,60412,0,0,202,203,221,228,260,272,338,339,357,358,371,439,440,455,469,482,483,523,524,538,547,548,595,617,618,628,687,688,709,710,719,0,0,0,0,0,0,0,0,0,"Purchase Battle Gear"
262248,False,60412,0,0,281,282,300,301,391,407,408,493,494,507,508,558,566,644,645,658,659,734,735,748,749,0,0,0,0,0,0,0,0,0,0,0,0,0,0,0,0,0,0,0,"Purchase Field Gear"
262249,False,60412,0,0,914,915,925,934,935,945,1091,1092,1102,1128,1132,1153,1155,1173,1174,1659,1660,0,0,0,0,0,0,0,0,0,0,0,0,0,0,0,0,0,0,0,0,0,0,0,"Purchase Tools"
262250,False,60412,0,0,7,8,24,25,39,40,56,57,173,0,0,0,0,0,0,0,0,0,0,0,0,0,0,0,0,0,0,0,0,0,0,0,0,0,0,0,0,0,0,0,"Purchase Weapons"
262251,False,60412,0,0,202,203,221,228,260,272,338,339,357,358,371,439,440,455,469,482,483,523,524,538,547,548,595,617,618,628,687,688,709,710,719,0,0,0,0,0,0,0,0,0,"Purchase Battle Gear"
262252,False,60412,0,0,281,282,300,301,391,407,408,493,494,507,508,558,566,644,645,658,659,734,735,748,749,0,0,0,0,0,0,0,0,0,0,0,0,0,0,0,0,0,0,0,"Purchase Field Gear"
262253,False,60412,0,0,915,916,925,926,935,936,945,946,1092,1093,1102,1103,1114,1127,1128,1132,1153,1155,1173,1174,1660,1661,0,0,0,0,0,0,0,0,0,0,0,0,0,0,0,0,0,0,"Purchase Tools"
262254,False,60412,0,0,108,109,110,129,75,76,77,8,9,26,27,40,58,59,145,159,160,92,93,94,177,178,0,0,0,0,0,0,0,0,0,0,0,0,0,0,0,0,0,0,"Purchase Weapons"
262255,False,60412,0,0,204,205,206,229,230,261,262,340,341,359,360,372,373,441,442,456,457,470,471,524,525,539,540,548,596,597,619,629,630,689,690,711,712,720,721,0,0,0,0,0,"Purchase Battle Gear"
262256,False,60412,0,0,282,283,301,391,392,408,409,494,495,508,509,558,566,645,646,659,660,735,736,749,750,0,0,0,0,0,0,0,0,0,0,0,0,0,0,0,0,0,0,0,"Purchase Field Gear"
262257,False,60412,0,0,1189,1197,1203,1209,1223,1222,1232,1238,1243,1249,1255,1262,1269,1603,0,0,0,0,0,0,0,0,0,0,0,0,0,0,0,0,0,0,0,0,0,0,0,0,0,0,""
262258,False,60412,0,0,917,958,967,978,986,1017,937,1035,1054,996,1075,1094,1115,1130,1132,1135,1153,1155,1173,1174,1660,1661,0,0,0,0,0,0,0,0,0,0,0,0,0,0,0,0,0,0,"Purchase Tools"
262259,False,60412,0,0,111,112,130,131,77,78,10,11,27,28,41,42,60,61,146,147,161,95,179,180,0,0,0,0,0,0,0,0,0,0,0,0,0,0,0,0,0,0,0,0,"Purchase Weapons"
262260,False,60412,0,0,207,231,232,233,342,361,374,384,443,458,472,484,526,527,541,549,555,598,599,620,621,631,691,713,0,0,0,0,0,0,0,0,0,0,0,0,0,0,0,0,"Purchase Battle Gear"
262261,False,60412,0,0,283,284,285,395,412,413,495,496,509,510,559,567,646,647,660,662,736,737,751,752,0,0,0,0,0,0,0,0,0,0,0,0,0,0,0,0,0,0,0,0,"Purchase Field Gear"
262262,False,60412,0,0,917,958,967,978,986,1017,937,1035,1054,996,1075,1094,1115,1132,1133,1135,1153,1155,1173,1174,1660,1661,0,0,0,0,0,0,0,0,0,0,0,0,0,0,0,0,0,0,"Purchase Tools"
262263,False,60412,0,0,111,112,130,131,77,78,10,11,27,28,41,42,60,61,146,147,161,95,179,180,0,0,0,0,0,0,0,0,0,0,0,0,0,0,0,0,0,0,0,0,"Purchase Weapons"
262264,False,60412,0,0,207,231,236,237,342,361,374,384,443,458,472,484,526,527,541,549,555,598,599,620,621,631,691,713,0,0,0,0,0,0,0,0,0,0,0,0,0,0,0,0,"Purchase Battle Gear"
262265,False,60412,0,0,283,284,285,395,412,413,495,496,509,510,559,567,646,647,660,662,736,737,751,752,0,0,0,0,0,0,0,0,0,0,0,0,0,0,0,0,0,0,0,0,"Purchase Field Gear"
262266,False,60412,0,0,918,927,959,968,978,1017,938,947,1035,1045,1055,1064,997,1006,1076,1085,1095,1104,1116,1135,1136,1139,1153,1155,1173,1174,1661,1662,0,0,0,0,0,0,0,0,0,0,0,0,"Purchase Tools"
262267,False,60412,0,0,114,132,133,79,80,12,13,29,30,43,62,63,148,149,162,163,96,181,182,0,0,0,0,0,0,0,0,0,0,0,0,0,0,0,0,0,0,0,0,0,"Purchase Weapons"
262268,False,60412,0,0,208,238,263,264,343,362,375,376,444,459,473,474,528,529,542,550,600,622,632,633,692,714,0,0,0,0,0,0,0,0,0,0,0,0,0,0,0,0,0,0,"Purchase Battle Gear"
262269,False,60412,0,0,287,288,303,396,397,414,496,497,510,511,559,567,647,648,662,663,737,738,752,753,0,0,0,0,0,0,0,0,0,0,0,0,0,0,0,0,0,0,0,0,"Purchase Field Gear"
262270,False,60412,0,0,119,137,83,17,34,49,66,152,165,99,185,186,187,0,0,0,0,0,0,0,0,0,0,0,0,0,0,0,0,0,0,0,0,0,0,0,0,0,0,0,"Purchase Weapons"
262271,False,60412,0,0,921,929,962,969,981,988,1020,1027,941,949,1039,1046,1058,1066,1000,1008,1078,1086,1098,1106,1110,1146,1149,0,0,0,0,0,0,0,0,0,0,0,0,0,0,0,0,0,"Purchase Tools"
262272,False,60412,0,0,213,250,275,267,348,367,381,448,466,478,533,545,553,607,626,637,700,717,726,0,0,0,0,0,0,0,0,0,0,0,0,0,0,0,0,0,0,0,0,0,"Purchase Battle Gear"
262273,False,60412,0,0,292,307,401,419,501,514,562,569,652,665,742,755,0,0,0,0,0,0,0,0,0,0,0,0,0,0,0,0,0,0,0,0,0,0,0,0,0,0,0,0,"Purchase Field Gear"
262274,False,60412,0,0,921,929,962,969,981,988,1020,1027,941,949,1039,1046,1058,1066,1000,1008,1078,1086,1098,1106,1110,1146,1149,0,0,0,0,0,0,0,0,0,0,0,0,0,0,0,0,0,"Purchase Tools"
262275,False,60412,0,0,119,137,83,17,34,49,66,152,165,99,185,186,187,0,0,0,0,0,0,0,0,0,0,0,0,0,0,0,0,0,0,0,0,0,0,0,0,0,0,0,"Purchase Weapons"
262276,False,60412,0,0,213,250,275,267,348,367,381,448,466,478,533,545,553,607,626,637,700,717,726,0,0,0,0,0,0,0,0,0,0,0,0,0,0,0,0,0,0,0,0,0,"Purchase Battle Gear"
262277,False,60412,0,0,292,307,401,419,501,514,562,569,652,665,742,755,0,0,0,0,0,0,0,0,0,0,0,0,0,0,0,0,0,0,0,0,0,0,0,0,0,0,0,0,"Purchase Field Gear"
262278,False,60412,0,0,114,133,80,13,30,43,63,150,163,96,182,183,0,0,0,0,0,0,0,0,0,0,0,0,0,0,0,0,0,0,0,0,0,0,0,0,0,0,0,0,"Purchase Weapons"
262279,False,60412,0,0,919,928,960,968,979,987,1018,1026,939,948,1036,1045,1056,1065,998,1007,1076,1085,1096,1105,1109,1139,1141,1144,0,0,0,0,0,0,0,0,0,0,0,0,0,0,0,0,"Purchase Tools"
262280,False,60412,0,0,210,239,273,265,344,363,377,445,460,475,485,530,543,551,601,623,634,694,715,724,0,0,0,0,0,0,0,0,0,0,0,0,0,0,0,0,0,0,0,0,"Purchase Battle Gear"
262281,False,60412,0,0,288,303,397,415,498,511,560,568,649,663,739,753,0,0,0,0,0,0,0,0,0,0,0,0,0,0,0,0,0,0,0,0,0,0,0,0,0,0,0,0,"Purchase Field Gear"
262282,False,60412,0,0,919,928,960,968,979,987,1018,1026,939,948,1036,1045,1056,1065,998,1007,1076,1085,1096,1105,1109,1139,1144,1145,0,0,0,0,0,0,0,0,0,0,0,0,0,0,0,0,"Purchase Tools"
262283,False,60412,0,0,114,133,80,13,30,43,63,150,163,96,182,183,0,0,0,0,0,0,0,0,0,0,0,0,0,0,0,0,0,0,0,0,0,0,0,0,0,0,0,0,"Purchase Weapons"
262284,False,60412,0,0,210,239,273,265,344,363,377,445,460,475,485,530,543,551,601,623,634,694,715,724,0,0,0,0,0,0,0,0,0,0,0,0,0,0,0,0,0,0,0,0,"Purchase Battle Gear"
262285,False,60412,0,0,288,303,397,415,498,511,560,568,649,663,739,753,0,0,0,0,0,0,0,0,0,0,0,0,0,0,0,0,0,0,0,0,0,0,0,0,0,0,0,0,"Purchase Field Gear"
262286,False,60412,0,0,116,134,81,15,32,47,64,151,164,97,182,183,185,0,0,0,0,0,0,0,0,0,0,0,0,0,0,0,0,0,0,0,0,0,0,0,0,0,0,0,"Purchase Weapons"
262287,False,60412,0,0,920,961,980,1019,940,1038,1046,1057,999,1077,1097,1110,1145,1146,1147,1149,1150,0,0,0,0,0,0,0,0,0,0,0,0,0,0,0,0,0,0,0,0,0,0,0,"Purchase Tools"
262288,False,60412,0,0,212,247,266,274,346,365,379,446,461,477,531,544,552,604,625,636,696,716,725,0,0,0,0,0,0,0,0,0,0,0,0,0,0,0,0,0,0,0,0,0,"Purchase Battle Gear"
262289,False,60412,0,0,290,305,399,417,499,512,561,569,650,664,740,754,0,0,0,0,0,0,0,0,0,0,0,0,0,0,0,0,0,0,0,0,0,0,0,0,0,0,0,0,"Purchase Field Gear"
262290,False,60412,0,0,952,953,964,965,972,973,983,984,991,992,1002,1003,1111,1120,1121,1153,1154,1155,1173,1174,1659,1660,0,0,0,0,0,0,0,0,0,0,0,0,0,0,0,0,0,0,"Purchase Tools"
262291,False,60412,0,0,69,70,71,87,88,89,0,0,0,0,0,0,0,0,0,0,0,0,0,0,0,0,0,0,0,0,0,0,0,0,0,0,0,0,0,0,0,0,0,0,"Purchase Weapons"
262292,False,60412,0,0,197,198,218,270,333,334,353,354,383,435,436,451,452,520,535,590,591,613,614,683,684,705,706,728,0,0,0,0,0,0,0,0,0,0,0,0,0,0,0,0,"Purchase Battle Gear"
262293,False,60412,0,0,279,280,297,388,389,405,491,492,505,506,557,565,642,643,656,657,732,733,746,747,0,0,0,0,0,0,0,0,0,0,0,0,0,0,0,0,0,0,0,0,"Purchase Field Gear"
262294,False,60412,0,0,952,953,964,965,972,973,983,984,991,992,1002,1003,1111,1122,1123,1153,1155,1173,1174,1659,1660,0,0,0,0,0,0,0,0,0,0,0,0,0,0,0,0,0,0,0,"Purchase Tools"
262295,False,60412,0,0,69,70,71,87,88,89,169,0,0,0,0,0,0,0,0,0,0,0,0,0,0,0,0,0,0,0,0,0,0,0,0,0,0,0,0,0,0,0,0,0,"Purchase Weapons"
262296,False,60412,0,0,197,198,218,270,333,334,353,354,383,435,436,451,452,520,535,590,591,613,614,683,684,705,706,728,0,0,0,0,0,0,0,0,0,0,0,0,0,0,0,0,"Purchase Battle Gear"
262297,False,60412,0,0,279,280,297,388,389,405,491,492,505,506,557,565,642,643,656,657,732,733,746,747,0,0,0,0,0,0,0,0,0,0,0,0,0,0,0,0,0,0,0,0,"Purchase Field Gear"
262298,False,60412,0,0,953,954,965,972,973,984,992,993,1112,1122,1123,1124,1125,1153,1155,1173,1174,1659,1660,0,0,0,0,0,0,0,0,0,0,0,0,0,0,0,0,0,0,0,0,0,"Purchase Tools"
262299,False,60412,0,0,71,72,73,89,90,91,0,0,0,0,0,0,0,0,0,0,0,0,0,0,0,0,0,0,0,0,0,0,0,0,0,0,0,0,0,0,0,0,0,0,"Purchase Weapons"
262300,False,60412,0,0,199,200,219,220,271,335,336,337,355,356,437,438,453,454,481,521,522,536,537,592,593,594,615,616,685,686,707,708,0,0,0,0,0,0,0,0,0,0,0,0,"Purchase Battle Gear"
262301,False,60412,0,0,280,297,298,299,389,390,405,406,492,493,506,507,557,565,643,644,657,658,733,734,747,748,0,0,0,0,0,0,0,0,0,0,0,0,0,0,0,0,0,0,"Purchase Field Gear"
262302,False,60412,0,0,953,954,965,972,973,984,992,993,1112,1122,1123,1124,1125,1153,1155,1173,1174,1659,1660,0,0,0,0,0,0,0,0,0,0,0,0,0,0,0,0,0,0,0,0,0,"Purchase Tools"
262303,False,60412,0,0,71,72,73,89,90,91,0,0,0,0,0,0,0,0,0,0,0,0,0,0,0,0,0,0,0,0,0,0,0,0,0,0,0,0,0,0,0,0,0,0,"Purchase Weapons"
262304,False,60412,0,0,199,200,219,220,271,335,336,337,355,356,437,438,453,454,481,521,522,536,537,592,593,594,615,616,685,686,707,708,0,0,0,0,0,0,0,0,0,0,0,0,"Purchase Battle Gear"
262305,False,60412,0,0,280,297,298,299,389,390,405,406,492,493,506,507,557,565,643,644,657,658,733,734,747,748,0,0,0,0,0,0,0,0,0,0,0,0,0,0,0,0,0,0,"Purchase Field Gear"
262306,False,60412,0,0,953,954,965,972,973,984,992,993,1112,1122,1123,1124,1125,1153,1155,1173,1174,1659,1660,0,0,0,0,0,0,0,0,0,0,0,0,0,0,0,0,0,0,0,0,0,"Purchase Tools"
262307,False,60412,0,0,71,72,73,89,90,91,0,0,0,0,0,0,0,0,0,0,0,0,0,0,0,0,0,0,0,0,0,0,0,0,0,0,0,0,0,0,0,0,0,0,"Purchase Weapons"
262308,False,60412,0,0,199,200,219,220,271,335,336,337,355,356,437,438,453,454,481,521,522,536,537,592,593,594,615,616,685,686,707,708,0,0,0,0,0,0,0,0,0,0,0,0,"Purchase Battle Gear"
262309,False,60412,0,0,280,297,298,299,389,390,405,406,492,493,506,507,557,565,643,644,657,658,733,734,747,748,0,0,0,0,0,0,0,0,0,0,0,0,0,0,0,0,0,0,"Purchase Field Gear"
262310,False,60412,0,0,954,955,966,974,975,985,993,994,1004,1113,1124,1125,1153,1155,1173,1174,1659,1660,0,0,0,0,0,0,0,0,0,0,0,0,0,0,0,0,0,0,0,0,0,0,"Purchase Tools"
262311,False,60412,0,0,73,74,75,91,92,0,0,0,0,0,0,0,0,0,0,0,0,0,0,0,0,0,0,0,0,0,0,0,0,0,0,0,0,0,0,0,0,0,0,0,"Purchase Weapons"
262312,False,60412,0,0,202,203,221,228,260,272,338,339,357,358,371,439,440,455,469,482,483,523,524,538,547,548,595,617,618,628,687,688,709,710,719,0,0,0,0,0,0,0,0,0,"Purchase Battle Gear"
262313,False,60412,0,0,281,282,300,301,391,407,408,493,494,507,508,558,566,644,645,658,659,734,735,748,749,0,0,0,0,0,0,0,0,0,0,0,0,0,0,0,0,0,0,0,"Purchase Field Gear"
262314,False,60412,0,0,954,955,966,974,975,985,993,994,1004,1113,1114,1126,1131,1153,1155,1173,1174,1659,1660,0,0,0,0,0,0,0,0,0,0,0,0,0,0,0,0,0,0,0,0,0,"Purchase Tools"
262315,False,60412,0,0,73,74,75,91,92,0,0,0,0,0,0,0,0,0,0,0,0,0,0,0,0,0,0,0,0,0,0,0,0,0,0,0,0,0,0,0,0,0,0,0,"Purchase Weapons"
262316,False,60412,0,0,202,203,221,228,260,272,338,339,357,358,371,439,440,455,469,482,483,523,524,538,547,548,595,617,618,628,687,688,709,710,719,0,0,0,0,0,0,0,0,0,"Purchase Battle Gear"
262317,False,60412,0,0,281,282,300,301,391,407,408,493,494,507,508,558,566,644,645,658,659,734,735,748,749,0,0,0,0,0,0,0,0,0,0,0,0,0,0,0,0,0,0,0,"Purchase Field Gear"
262318,False,60412,0,0,956,957,966,967,976,977,985,986,994,995,1004,1005,1114,1127,1128,1130,1153,1155,1173,1174,1660,1661,0,0,0,0,0,0,0,0,0,0,0,0,0,0,0,0,0,0,"Purchase Tools"
262319,False,60412,0,0,108,109,110,129,75,76,77,8,9,26,27,40,58,59,145,159,160,92,93,94,177,178,0,0,0,0,0,0,0,0,0,0,0,0,0,0,0,0,0,0,"Purchase Weapons"
262320,False,60412,0,0,204,205,206,229,230,261,262,340,341,359,360,372,373,441,442,456,457,470,471,524,525,539,540,548,596,597,619,629,630,689,690,711,712,720,721,0,0,0,0,0,"Purchase Battle Gear"
262321,False,60412,0,0,282,283,301,391,392,408,409,494,495,508,509,558,566,645,646,659,660,735,736,749,750,0,0,0,0,0,0,0,0,0,0,0,0,0,0,0,0,0,0,0,"Purchase Field Gear"
262322,False,60412,0,0,918,927,959,968,978,1017,938,947,1035,1045,1055,1064,997,1006,1076,1085,1095,1104,1116,1144,1146,1149,1153,1155,1173,1174,1661,1662,0,0,0,0,0,0,0,0,0,0,0,0,"Purchase Tools"
262323,False,60412,0,0,114,132,133,79,80,12,13,29,30,43,62,63,148,149,162,163,96,181,182,0,0,0,0,0,0,0,0,0,0,0,0,0,0,0,0,0,0,0,0,0,"Purchase Weapons"
262324,False,60412,0,0,208,238,263,264,343,362,375,376,444,459,473,474,528,529,542,550,600,622,632,633,692,714,0,0,0,0,0,0,0,0,0,0,0,0,0,0,0,0,0,0,"Purchase Battle Gear"
262325,False,60412,0,0,287,288,303,396,397,414,496,497,510,511,559,567,647,648,662,663,737,738,752,753,0,0,0,0,0,0,0,0,0,0,0,0,0,0,0,0,0,0,0,0,"Purchase Field Gear"
262326,False,60412,0,0,918,927,959,968,978,1017,938,947,1035,1045,1055,1064,997,1006,1076,1085,1095,1104,1116,1117,1134,1135,1137,1140,1143,1153,1155,1173,1174,1661,1662,0,0,0,0,0,0,0,0,0,"Purchase Tools"
262327,False,60412,0,0,114,132,133,79,80,12,13,29,30,43,62,63,148,149,162,163,96,181,182,0,0,0,0,0,0,0,0,0,0,0,0,0,0,0,0,0,0,0,0,0,"Purchase Weapons"
262328,False,60412,0,0,208,238,263,264,343,362,375,376,444,459,473,474,528,529,542,550,600,622,632,633,692,714,0,0,0,0,0,0,0,0,0,0,0,0,0,0,0,0,0,0,"Purchase Battle Gear"
262329,False,60412,0,0,287,288,303,396,397,414,496,497,510,511,559,567,647,648,662,663,737,738,752,753,0,0,0,0,0,0,0,0,0,0,0,0,0,0,0,0,0,0,0,0,"Purchase Field Gear"
262330,False,60412,0,0,919,928,960,968,979,987,1018,1026,939,948,1036,1045,1056,1065,998,1007,1076,1085,1096,1105,1109,1136,1139,1144,1153,1155,1173,1174,1661,1662,0,0,0,0,0,0,0,0,0,0,"Purchase Tools"
262331,False,60412,0,0,114,132,133,79,80,12,13,29,30,43,62,63,148,149,162,163,96,181,182,0,0,0,0,0,0,0,0,0,0,0,0,0,0,0,0,0,0,0,0,0,"Purchase Weapons"
262332,False,60412,0,0,209,210,239,344,362,376,377,445,460,474,475,529,543,551,601,633,634,623,693,714,722,0,0,0,0,0,0,0,0,0,0,0,0,0,0,0,0,0,0,0,"Purchase Battle Gear"
262333,False,60412,0,0,287,288,303,396,397,414,496,497,510,511,559,567,647,648,662,663,737,738,752,753,0,0,0,0,0,0,0,0,0,0,0,0,0,0,0,0,0,0,0,0,"Purchase Field Gear"
262334,False,60412,0,0,919,928,960,968,979,987,1018,1026,939,948,1036,1045,1056,1065,998,1007,1076,1085,1096,1105,1109,1128,1139,1141,1153,1155,1173,1174,1661,1662,0,0,0,0,0,0,0,0,0,0,"Purchase Tools"
262335,False,60412,0,0,114,132,133,79,80,12,13,29,30,43,62,63,148,149,162,163,96,181,182,0,0,0,0,0,0,0,0,0,0,0,0,0,0,0,0,0,0,0,0,0,"Purchase Weapons"
262336,False,60412,0,0,209,210,239,344,362,376,377,445,460,474,475,529,543,551,601,633,634,623,693,714,722,0,0,0,0,0,0,0,0,0,0,0,0,0,0,0,0,0,0,0,"Purchase Battle Gear"
262337,False,60412,0,0,287,288,303,396,397,414,496,497,510,511,559,567,647,648,662,663,737,738,752,753,0,0,0,0,0,0,0,0,0,0,0,0,0,0,0,0,0,0,0,0,"Purchase Field Gear"
262338,False,60412,0,0,919,928,960,968,979,987,1018,1026,939,948,1036,1045,1056,1065,998,1007,1076,1085,1096,1105,1109,1139,1144,1145,1153,1155,1173,1174,1661,1662,0,0,0,0,0,0,0,0,0,0,"Purchase Tools"
262339,False,60412,0,0,114,132,133,79,80,12,13,29,30,43,62,63,148,149,162,163,96,181,182,0,0,0,0,0,0,0,0,0,0,0,0,0,0,0,0,0,0,0,0,0,"Purchase Weapons"
262340,False,60412,0,0,209,210,239,344,362,376,377,445,460,474,475,529,543,551,601,633,634,623,693,714,722,0,0,0,0,0,0,0,0,0,0,0,0,0,0,0,0,0,0,0,"Purchase Battle Gear"
262341,False,60412,0,0,287,288,303,396,397,414,496,497,510,511,559,567,647,648,662,663,737,738,752,753,0,0,0,0,0,0,0,0,0,0,0,0,0,0,0,0,0,0,0,0,"Purchase Field Gear"
262342,False,60412,0,0,921,929,962,969,981,988,1020,1027,941,949,1039,1046,1058,1066,1000,1008,1078,1086,1098,1106,1110,1143,1146,1151,0,0,0,0,0,0,0,0,0,0,0,0,0,0,0,0,"Purchase Tools"
262343,False,60412,0,0,119,137,83,17,34,49,66,152,165,99,185,186,187,0,0,0,0,0,0,0,0,0,0,0,0,0,0,0,0,0,0,0,0,0,0,0,0,0,0,0,"Purchase Weapons"
262344,False,60412,0,0,213,250,275,267,348,367,381,448,466,478,533,545,553,607,626,637,700,717,726,0,0,0,0,0,0,0,0,0,0,0,0,0,0,0,0,0,0,0,0,0,"Purchase Battle Gear"
262345,False,60412,0,0,292,307,401,419,501,514,562,569,652,665,742,755,0,0,0,0,0,0,0,0,0,0,0,0,0,0,0,0,0,0,0,0,0,0,0,0,0,0,0,0,"Purchase Field Gear"
262346,False,60412,0,0,119,137,83,17,34,49,66,152,165,99,185,186,187,0,0,0,0,0,0,0,0,0,0,0,0,0,0,0,0,0,0,0,0,0,0,0,0,0,0,0,"Purchase Weapons"
262347,False,60412,0,0,921,929,962,969,981,988,1020,1027,941,949,1039,1046,1058,1066,1000,1008,1078,1086,1098,1106,1110,1143,1146,1151,0,0,0,0,0,0,0,0,0,0,0,0,0,0,0,0,"Purchase Tools"
262348,False,60412,0,0,213,250,275,267,348,367,381,448,466,478,533,545,553,607,626,637,700,717,726,0,0,0,0,0,0,0,0,0,0,0,0,0,0,0,0,0,0,0,0,0,"Purchase Battle Gear"
262349,False,60412,0,0,292,307,401,419,501,514,562,569,652,665,742,755,0,0,0,0,0,0,0,0,0,0,0,0,0,0,0,0,0,0,0,0,0,0,0,0,0,0,0,0,"Purchase Field Gear"
262350,False,60412,0,0,1188,1194,1201,1207,1215,1216,1231,1237,1242,1248,1253,1267,1601,0,0,0,0,0,0,0,0,0,0,0,0,0,0,0,0,0,0,0,0,0,0,0,0,0,0,0,""
262351,False,60412,0,0,1011,1012,1022,1023,1030,1031,1041,1042,1049,1050,1060,1061,1069,1070,1081,1120,1123,1153,1155,1173,1174,1659,1660,0,0,0,0,0,0,0,0,0,0,0,0,0,0,0,0,0,"Purchase Tools"
262352,False,60412,0,0,102,103,122,123,140,141,155,156,167,0,0,0,0,0,0,0,0,0,0,0,0,0,0,0,0,0,0,0,0,0,0,0,0,0,0,0,0,0,0,0,"Purchase Weapons"
262353,False,60412,0,0,197,198,218,270,333,334,353,354,383,435,436,451,452,520,535,590,591,613,614,683,684,705,706,728,0,0,0,0,0,0,0,0,0,0,0,0,0,0,0,0,"Purchase Battle Gear"
262354,False,60412,0,0,279,280,297,388,389,405,491,492,505,506,557,565,642,643,656,657,732,733,746,747,0,0,0,0,0,0,0,0,0,0,0,0,0,0,0,0,0,0,0,0,"Purchase Field Gear"
262355,False,60412,0,0,1011,1012,1022,1023,1030,1031,1041,1042,1049,1050,1060,1061,1069,1070,1081,1123,1124,1153,1154,1155,1173,1174,1659,1660,0,0,0,0,0,0,0,0,0,0,0,0,0,0,0,0,"Purchase Tools"
262356,False,60412,0,0,102,103,122,123,140,141,155,156,167,0,0,0,0,0,0,0,0,0,0,0,0,0,0,0,0,0,0,0,0,0,0,0,0,0,0,0,0,0,0,0,"Purchase Weapons"
262357,False,60412,0,0,197,198,218,270,333,334,353,354,383,435,436,451,452,520,535,590,591,613,614,683,684,705,706,728,0,0,0,0,0,0,0,0,0,0,0,0,0,0,0,0,"Purchase Battle Gear"
262358,False,60412,0,0,279,280,297,388,389,405,491,492,505,506,557,565,642,643,656,657,732,733,746,747,0,0,0,0,0,0,0,0,0,0,0,0,0,0,0,0,0,0,0,0,"Purchase Field Gear"
262359,False,60412,0,0,1011,1012,1022,1023,1030,1031,1041,1042,1049,1050,1060,1061,1069,1070,1081,1123,1124,1153,1155,1173,1174,1659,1660,0,0,0,0,0,0,0,0,0,0,0,0,0,0,0,0,0,"Purchase Tools"
262360,False,60412,0,0,102,103,122,123,140,141,155,156,167,0,0,0,0,0,0,0,0,0,0,0,0,0,0,0,0,0,0,0,0,0,0,0,0,0,0,0,0,0,0,0,"Purchase Weapons"
262361,False,60412,0,0,197,198,218,270,333,334,353,354,383,435,436,451,452,520,535,590,591,613,614,683,684,705,706,728,0,0,0,0,0,0,0,0,0,0,0,0,0,0,0,0,"Purchase Battle Gear"
262362,False,60412,0,0,279,280,297,388,389,405,491,492,505,506,557,565,642,643,656,657,732,733,746,747,0,0,0,0,0,0,0,0,0,0,0,0,0,0,0,0,0,0,0,0,"Purchase Field Gear"
262363,False,60412,0,0,1012,1013,1023,1031,1032,1050,1051,1061,1070,1071,1081,1123,1124,1153,1155,1173,1174,1659,1660,0,0,0,0,0,0,0,0,0,0,0,0,0,0,0,0,0,0,0,0,0,"Purchase Tools"
262364,False,60412,0,0,104,105,106,124,125,126,142,143,157,170,171,172,0,0,0,0,0,0,0,0,0,0,0,0,0,0,0,0,0,0,0,0,0,0,0,0,0,0,0,0,"Purchase Weapons"
262365,False,60412,0,0,199,200,219,220,271,335,336,337,355,356,437,438,453,454,481,521,522,536,537,592,593,594,615,616,685,686,707,708,0,0,0,0,0,0,0,0,0,0,0,0,"Purchase Battle Gear"
262366,False,60412,0,0,280,297,298,299,389,390,405,406,492,493,506,507,557,565,643,644,657,658,733,734,747,748,0,0,0,0,0,0,0,0,0,0,0,0,0,0,0,0,0,0,"Purchase Field Gear"
262367,False,60412,0,0,1012,1013,1023,1031,1032,1050,1051,1061,1070,1071,1081,1122,1125,1153,1155,1173,1174,1659,1660,0,0,0,0,0,0,0,0,0,0,0,0,0,0,0,0,0,0,0,0,0,"Purchase Tools"
262368,False,60412,0,0,104,105,106,124,125,126,142,143,157,170,171,172,0,0,0,0,0,0,0,0,0,0,0,0,0,0,0,0,0,0,0,0,0,0,0,0,0,0,0,0,"Purchase Weapons"
262369,False,60412,0,0,199,200,219,220,271,335,336,337,355,356,437,438,453,454,481,521,522,536,537,592,593,594,615,616,685,686,707,708,0,0,0,0,0,0,0,0,0,0,0,0,"Purchase Battle Gear"
262370,False,60412,0,0,280,297,298,299,389,390,405,406,492,493,506,507,557,565,643,644,657,658,733,734,747,748,0,0,0,0,0,0,0,0,0,0,0,0,0,0,0,0,0,0,"Purchase Field Gear"
262371,False,60412,0,0,1153,1155,1173,1174,0,0,0,0,0,0,0,0,0,0,0,0,0,0,0,0,0,0,0,0,0,0,0,0,0,0,0,0,0,0,0,0,0,0,0,0,"Purchase Tools"
262372,False,60412,0,0,1013,1014,1024,1032,1033,1043,1051,1052,1062,1071,1072,1082,1124,1128,1153,1155,1173,1174,1659,1660,0,0,0,0,0,0,0,0,0,0,0,0,0,0,0,0,0,0,0,0,"Purchase Tools"
262373,False,60412,0,0,106,107,127,128,73,74,7,8,24,25,39,40,56,57,143,144,158,91,92,172,173,174,0,0,0,0,0,0,0,0,0,0,0,0,0,0,0,0,0,0,"Purchase Weapons"
262374,False,60412,0,0,202,203,221,228,260,272,338,339,357,358,371,439,440,455,469,482,483,523,524,538,547,548,595,617,618,628,687,688,709,710,719,0,0,0,0,0,0,0,0,0,"Purchase Battle Gear"
262375,False,60412,0,0,281,282,300,301,391,407,408,493,494,507,508,558,566,644,645,658,659,734,735,748,749,0,0,0,0,0,0,0,0,0,0,0,0,0,0,0,0,0,0,0,"Purchase Field Gear"
262376,False,60412,0,0,1189,1197,1202,1219,1221,1232,1238,1243,1249,1262,1268,1604,0,0,0,0,0,0,0,0,0,0,0,0,0,0,0,0,0,0,0,0,0,0,0,0,0,0,0,0,""
262377,False,60412,0,0,1153,1154,1155,1156,1659,1660,1661,1662,1663,0,0,0,0,0,0,0,0,0,0,0,0,0,0,0,0,0,0,0,0,0,0,0,0,0,0,0,0,0,0,0,""
262378,False,60412,0,0,1013,1014,1024,1032,1033,1043,1051,1052,1062,1071,1072,1082,1124,1128,1153,1155,1173,1174,1660,1661,0,0,0,0,0,0,0,0,0,0,0,0,0,0,0,0,0,0,0,0,"Purchase Tools"
262379,False,60412,0,0,106,107,127,128,73,74,7,8,24,25,39,40,56,57,143,144,158,91,92,172,173,174,0,0,0,0,0,0,0,0,0,0,0,0,0,0,0,0,0,0,"Purchase Weapons"
262380,False,60412,0,0,202,203,221,228,260,272,338,339,357,358,371,439,440,455,469,482,483,523,524,538,547,548,595,617,618,628,687,688,709,710,719,0,0,0,0,0,0,0,0,0,"Purchase Battle Gear"
262381,False,60412,0,0,281,282,300,301,391,407,408,493,494,507,508,558,566,644,645,658,659,734,735,748,749,0,0,0,0,0,0,0,0,0,0,0,0,0,0,0,0,0,0,0,"Purchase Field Gear"
262382,False,60412,0,0,1015,1016,1024,1025,1033,1034,1043,1044,1052,1053,1062,1063,1073,1074,1083,1114,1126,1128,1129,1153,1155,1173,1174,1660,1661,0,0,0,0,0,0,0,0,0,0,0,0,0,0,0,"Purchase Tools"
262383,False,60412,0,0,108,109,110,129,75,76,77,8,9,26,27,40,58,59,145,159,160,92,93,94,177,178,0,0,0,0,0,0,0,0,0,0,0,0,0,0,0,0,0,0,"Purchase Weapons"
262384,False,60412,0,0,204,205,206,229,230,261,262,340,341,359,360,372,373,441,442,456,457,470,471,524,525,539,540,548,596,597,619,629,630,689,690,711,712,720,721,0,0,0,0,0,"Purchase Battle Gear"
262385,False,60412,0,0,282,283,301,391,392,408,409,494,495,508,509,558,566,645,646,659,660,735,736,749,750,0,0,0,0,0,0,0,0,0,0,0,0,0,0,0,0,0,0,0,"Purchase Field Gear"
262386,False,60412,0,0,917,958,967,978,986,1017,937,1035,1054,996,1075,1094,1115,1132,1133,1135,1153,1155,1173,1174,1660,1661,0,0,0,0,0,0,0,0,0,0,0,0,0,0,0,0,0,0,"Purchase Tools"
262387,False,60412,0,0,111,112,130,131,77,78,10,11,27,28,41,42,60,61,146,147,161,95,179,180,0,0,0,0,0,0,0,0,0,0,0,0,0,0,0,0,0,0,0,0,"Purchase Weapons"
262388,False,60412,0,0,207,231,234,235,342,361,374,384,443,458,472,484,526,527,541,549,555,598,599,620,621,631,691,713,0,0,0,0,0,0,0,0,0,0,0,0,0,0,0,0,"Purchase Battle Gear"
262389,False,60412,0,0,283,284,285,395,412,413,495,496,509,510,559,567,646,647,660,662,736,737,751,752,0,0,0,0,0,0,0,0,0,0,0,0,0,0,0,0,0,0,0,0,"Purchase Field Gear"
262390,False,60412,0,0,1154,1156,1661,1662,0,0,0,0,0,0,0,0,0,0,0,0,0,0,0,0,0,0,0,0,0,0,0,0,0,0,0,0,0,0,0,0,0,0,0,0,"Purchase Tools"
262391,False,60412,0,0,1167,1170,1171,1169,1172,1168,0,0,0,0,0,0,0,0,0,0,0,0,0,0,0,0,0,0,0,0,0,0,0,0,0,0,0,0,0,0,0,0,0,0,"Purchase Tools"
262392,False,60412,0,0,918,927,959,968,978,1017,938,947,1035,1045,1055,1064,997,1006,1076,1085,1095,1104,1117,1138,1139,1141,1142,1148,1153,1155,1173,1174,1661,1662,0,0,0,0,0,0,0,0,0,0,"Purchase Tools"
262393,False,60412,0,0,114,132,133,79,80,12,13,29,30,43,62,63,148,149,162,163,96,181,182,0,0,0,0,0,0,0,0,0,0,0,0,0,0,0,0,0,0,0,0,0,"Purchase Weapons"
262394,False,60412,0,0,208,238,263,264,343,362,375,376,444,459,473,474,528,529,542,550,600,622,632,633,692,714,0,0,0,0,0,0,0,0,0,0,0,0,0,0,0,0,0,0,"Purchase Battle Gear"
262395,False,60412,0,0,287,288,303,396,397,414,496,497,510,511,559,567,647,648,662,663,737,738,752,753,0,0,0,0,0,0,0,0,0,0,0,0,0,0,0,0,0,0,0,0,"Purchase Field Gear"
262396,False,60412,0,0,921,929,962,969,981,988,1020,1027,941,949,1039,1046,1058,1066,1000,1008,1078,1086,1098,1106,1110,1146,1149,0,0,0,0,0,0,0,0,0,0,0,0,0,0,0,0,0,"Purchase Tools"
262397,False,60412,0,0,119,137,83,17,34,49,66,152,165,99,185,186,187,0,0,0,0,0,0,0,0,0,0,0,0,0,0,0,0,0,0,0,0,0,0,0,0,0,0,0,"Purchase Weapons"
262398,False,60412,0,0,213,250,275,267,348,367,381,448,466,478,533,545,553,607,626,637,700,717,726,0,0,0,0,0,0,0,0,0,0,0,0,0,0,0,0,0,0,0,0,0,"Purchase Battle Gear"
262399,False,60412,0,0,292,307,401,419,501,514,562,569,652,665,742,755,0,0,0,0,0,0,0,0,0,0,0,0,0,0,0,0,0,0,0,0,0,0,0,0,0,0,0,0,"Purchase Field Gear"
262400,False,60412,0,0,921,929,962,969,981,988,1020,1027,941,949,1039,1046,1058,1066,1000,1008,1078,1086,1098,1106,1110,1144,1145,1146,0,0,0,0,0,0,0,0,0,0,0,0,0,0,0,0,"Purchase Tools"
262401,False,60412,0,0,119,137,83,17,34,49,66,152,165,99,185,186,187,0,0,0,0,0,0,0,0,0,0,0,0,0,0,0,0,0,0,0,0,0,0,0,0,0,0,0,"Purchase Weapons"
262402,False,60412,0,0,213,250,275,267,348,367,381,448,466,478,533,545,553,607,626,637,700,717,726,0,0,0,0,0,0,0,0,0,0,0,0,0,0,0,0,0,0,0,0,0,"Purchase Battle Gear"
262403,False,60412,0,0,292,307,401,419,501,514,562,569,652,665,742,755,0,0,0,0,0,0,0,0,0,0,0,0,0,0,0,0,0,0,0,0,0,0,0,0,0,0,0,0,"Purchase Field Gear"
262404,False,60412,0,0,111,112,130,131,77,78,10,11,27,28,41,42,60,61,146,147,161,95,179,180,1153,1154,1155,1156,1659,1660,1661,1662,1663,1670,0,0,0,0,0,0,0,0,0,0,""
262405,False,60412,0,0,1307,1311,1430,1469,0,0,0,0,0,0,0,0,0,0,0,0,0,0,0,0,0,0,0,0,0,0,0,0,0,0,0,0,0,0,0,0,0,0,0,0,""
262406,False,60412,0,0,114,132,133,79,80,12,13,29,30,43,62,63,148,149,162,163,96,181,182,1153,1154,1155,1156,1659,1660,1661,1662,1663,1668,0,0,0,0,0,0,0,0,0,0,0,""
262407,False,60412,0,0,114,132,133,79,80,12,13,29,30,43,62,63,148,149,162,163,96,181,182,1153,1154,1155,1156,1659,1660,1661,1662,1663,1669,0,0,0,0,0,0,0,0,0,0,0,""
262408,False,60412,0,0,0,0,0,0,0,0,0,0,0,0,0,0,0,0,0,0,0,0,0,0,0,0,0,0,0,0,0,0,0,0,0,0,0,0,0,0,0,0,0,0,"Purchase Weapons"
262409,False,60412,0,0,0,0,0,0,0,0,0,0,0,0,0,0,0,0,0,0,0,0,0,0,0,0,0,0,0,0,0,0,0,0,0,0,0,0,0,0,0,0,0,0,"Purchase Battle Gear"
262410,False,60412,0,0,0,0,0,0,0,0,0,0,0,0,0,0,0,0,0,0,0,0,0,0,0,0,0,0,0,0,0,0,0,0,0,0,0,0,0,0,0,0,0,0,"Purchase Weapons"
262411,False,60412,0,0,0,0,0,0,0,0,0,0,0,0,0,0,0,0,0,0,0,0,0,0,0,0,0,0,0,0,0,0,0,0,0,0,0,0,0,0,0,0,0,0,"Purchase Battle Gear"
262412,False,60412,0,0,0,0,0,0,0,0,0,0,0,0,0,0,0,0,0,0,0,0,0,0,0,0,0,0,0,0,0,0,0,0,0,0,0,0,0,0,0,0,0,0,"Purchase Weapons"
262413,False,60412,0,0,0,0,0,0,0,0,0,0,0,0,0,0,0,0,0,0,0,0,0,0,0,0,0,0,0,0,0,0,0,0,0,0,0,0,0,0,0,0,0,0,"Purchase Battle Gear"
262414,False,60412,0,0,1786,1791,0,0,0,0,0,0,0,0,0,0,0,0,0,0,0,0,0,0,0,0,0,0,0,0,0,0,0,0,0,0,0,0,0,0,0,0,0,0,""
262415,False,60412,0,0,1787,1788,1789,1790,1792,0,0,0,0,0,0,0,0,0,0,0,0,0,0,0,0,0,0,0,0,0,0,0,0,0,0,0,0,0,0,0,0,0,0,0,""
262416,False,60412,0,0,1793,1794,1795,1796,1797,1798,1799,1800,1801,0,0,0,0,0,0,0,0,0,0,0,0,0,0,0,0,0,0,0,0,0,0,0,0,0,0,0,0,0,0,0,"Purchase Permits"
262417,False,60412,0,0,1802,1803,1804,1805,1806,1807,1808,1809,1810,0,0,0,0,0,0,0,0,0,0,0,0,0,0,0,0,0,0,0,0,0,0,0,0,0,0,0,0,0,0,0,"Purchase Permits"
262418,False,60412,0,0,1811,1812,1813,1814,1815,1816,1817,1818,1819,0,0,0,0,0,0,0,0,0,0,0,0,0,0,0,0,0,0,0,0,0,0,0,0,0,0,0,0,0,0,0,"Purchase Permits"
262419,False,60412,0,0,1820,1821,1822,1823,1824,1825,1826,1827,1828,1886,0,0,0,0,0,0,0,0,0,0,0,0,0,0,0,0,0,0,0,0,0,0,0,0,0,0,0,0,0,0,"Purchase Furnishings"
262420,False,60412,0,0,1820,1829,1830,1831,1832,1833,1834,1835,1836,1887,0,0,0,0,0,0,0,0,0,0,0,0,0,0,0,0,0,0,0,0,0,0,0,0,0,0,0,0,0,0,"Purchase Furnishings"
262421,False,60412,0,0,1820,1837,1838,1839,1840,1841,1842,1843,1889,1888,0,0,0,0,0,0,0,0,0,0,0,0,0,0,0,0,0,0,0,0,0,0,0,0,0,0,0,0,0,0,"Purchase Furnishings"
262422,False,60412,0,0,1283,1284,1285,1274,1367,1368,1373,1384,1314,1388,1396,1401,1470,1476,1453,1482,1885,0,0,0,0,0,0,0,0,0,0,0,0,0,0,0,0,0,0,0,0,0,0,0,""
262423,False,60412,0,0,1845,1846,1847,1848,1849,1850,1851,1852,1853,0,0,0,0,0,0,0,0,0,0,0,0,0,0,0,0,0,0,0,0,0,0,0,0,0,0,0,0,0,0,0,""
262424,False,60412,0,0,1854,1855,1856,1860,1861,0,0,0,0,0,0,0,0,0,0,0,0,0,0,0,0,0,0,0,0,0,0,0,0,0,0,0,0,0,0,0,0,0,0,0,""
262425,False,60412,0,0,1857,1858,1859,0,0,0,0,0,0,0,0,0,0,0,0,0,0,0,0,0,0,0,0,0,0,0,0,0,0,0,0,0,0,0,0,0,0,0,0,0,""
262426,False,60412,1,1,1372,1383,1367,1373,1384,1370,1374,1385,1381,1371,1375,1382,0,0,0,0,0,0,0,0,0,0,0,0,0,0,0,0,0,0,0,0,0,0,0,0,0,0,0,0,"Purchase Items (Neutral)"
262427,False,60412,1,2,1372,1383,1367,1373,1384,1370,1374,1385,1381,1371,1375,1382,1871,1872,1873,0,0,0,0,0,0,0,0,0,0,0,0,0,0,0,0,0,0,0,0,0,0,0,0,0,"Purchase Items (Recognized)"
262428,False,60412,1,3,1372,1383,1367,1373,1384,1370,1374,1385,1381,1371,1375,1382,1871,1872,1873,1874,1875,1876,0,0,0,0,0,0,0,0,0,0,0,0,0,0,0,0,0,0,0,0,0,0,"Purchase Items (Friendly)"
262429,False,60412,1,4,1372,1383,1367,1373,1384,1370,1374,1385,1381,1371,1375,1382,1871,1872,1873,1874,1875,1876,1881,1882,1883,1884,0,0,0,0,0,0,0,0,0,0,0,0,0,0,0,0,0,0,"Purchase Items (Trusted)"
262430,False,60412,2,1,1388,1396,1401,1402,1398,1403,1406,1409,0,0,0,0,0,0,0,0,0,0,0,0,0,0,0,0,0,0,0,0,0,0,0,0,0,0,0,0,0,0,0,0,"Purchase Items (Neutral)"
262431,False,60412,2,2,1388,1396,1401,1402,1398,1403,1862,1406,1409,1863,1864,1865,1866,0,0,0,0,0,0,0,0,0,0,0,0,0,0,0,0,0,0,0,0,0,0,0,0,0,0,0,"Purchase Items (Recognized)"
262432,False,60412,2,3,1388,1396,1401,1402,1398,1403,1862,1406,1409,1863,1864,1865,1866,1867,1868,1869,1870,0,0,0,0,0,0,0,0,0,0,0,0,0,0,0,0,0,0,0,0,0,0,0,"Purchase Items (Friendly)"
262433,False,60412,2,4,1388,1396,1401,1402,1398,1403,1862,1406,1409,1863,1864,1865,1866,1867,1868,1869,1870,1877,1878,1879,1880,0,0,0,0,0,0,0,0,0,0,0,0,0,0,0,0,0,0,0,"Purchase Items (Trusted)"
262434,False,60412,0,0,1793,1794,1795,0,0,0,0,0,0,0,0,0,0,0,0,0,0,0,0,0,0,0,0,0,0,0,0,0,0,0,0,0,0,0,0,0,0,0,0,0,""
262435,False,60412,0,0,1796,1797,1798,0,0,0,0,0,0,0,0,0,0,0,0,0,0,0,0,0,0,0,0,0,0,0,0,0,0,0,0,0,0,0,0,0,0,0,0,0,""
262436,False,60412,0,0,1799,1800,1801,0,0,0,0,0,0,0,0,0,0,0,0,0,0,0,0,0,0,0,0,0,0,0,0,0,0,0,0,0,0,0,0,0,0,0,0,0,""
262437,False,60412,0,0,1802,1803,1804,0,0,0,0,0,0,0,0,0,0,0,0,0,0,0,0,0,0,0,0,0,0,0,0,0,0,0,0,0,0,0,0,0,0,0,0,0,""
262438,False,60412,0,0,1805,1806,1807,0,0,0,0,0,0,0,0,0,0,0,0,0,0,0,0,0,0,0,0,0,0,0,0,0,0,0,0,0,0,0,0,0,0,0,0,0,""
262439,False,60412,0,0,1808,1809,1810,0,0,0,0,0,0,0,0,0,0,0,0,0,0,0,0,0,0,0,0,0,0,0,0,0,0,0,0,0,0,0,0,0,0,0,0,0,""
262440,False,60412,0,0,1811,1812,1813,0,0,0,0,0,0,0,0,0,0,0,0,0,0,0,0,0,0,0,0,0,0,0,0,0,0,0,0,0,0,0,0,0,0,0,0,0,""
262441,False,60412,0,0,1814,1815,1816,0,0,0,0,0,0,0,0,0,0,0,0,0,0,0,0,0,0,0,0,0,0,0,0,0,0,0,0,0,0,0,0,0,0,0,0,0,""
262442,False,60412,0,0,1817,1818,1819,0,0,0,0,0,0,0,0,0,0,0,0,0,0,0,0,0,0,0,0,0,0,0,0,0,0,0,0,0,0,0,0,0,0,0,0,0,""
262443,True,60412,0,0,0,0,0,0,0,0,0,0,0,0,0,0,0,0,0,0,0,0,0,0,0,0,0,0,0,0,0,0,0,0,0,0,0,0,0,0,0,0,0,0,""
262444,True,60412,0,0,0,0,0,0,0,0,0,0,0,0,0,0,0,0,0,0,0,0,0,0,0,0,0,0,0,0,0,0,0,0,0,0,0,0,0,0,0,0,0,0,""
262445,True,60412,0,0,0,0,0,0,0,0,0,0,0,0,0,0,0,0,0,0,0,0,0,0,0,0,0,0,0,0,0,0,0,0,0,0,0,0,0,0,0,0,0,0,""
262446,True,60412,0,0,0,0,0,0,0,0,0,0,0,0,0,0,0,0,0,0,0,0,0,0,0,0,0,0,0,0,0,0,0,0,0,0,0,0,0,0,0,0,0,0,""
262447,True,60412,0,0,0,0,0,0,0,0,0,0,0,0,0,0,0,0,0,0,0,0,0,0,0,0,0,0,0,0,0,0,0,0,0,0,0,0,0,0,0,0,0,0,""
262448,True,60412,0,0,0,0,0,0,0,0,0,0,0,0,0,0,0,0,0,0,0,0,0,0,0,0,0,0,0,0,0,0,0,0,0,0,0,0,0,0,0,0,0,0,""
262449,True,60412,0,0,0,0,0,0,0,0,0,0,0,0,0,0,0,0,0,0,0,0,0,0,0,0,0,0,0,0,0,0,0,0,0,0,0,0,0,0,0,0,0,0,""
262450,True,60412,0,0,0,0,0,0,0,0,0,0,0,0,0,0,0,0,0,0,0,0,0,0,0,0,0,0,0,0,0,0,0,0,0,0,0,0,0,0,0,0,0,0,""
262451,True,60412,0,0,0,0,0,0,0,0,0,0,0,0,0,0,0,0,0,0,0,0,0,0,0,0,0,0,0,0,0,0,0,0,0,0,0,0,0,0,0,0,0,0,""
262452,True,60412,0,0,0,0,0,0,0,0,0,0,0,0,0,0,0,0,0,0,0,0,0,0,0,0,0,0,0,0,0,0,0,0,0,0,0,0,0,0,0,0,0,0,""
262453,True,60412,0,0,0,0,0,0,0,0,0,0,0,0,0,0,0,0,0,0,0,0,0,0,0,0,0,0,0,0,0,0,0,0,0,0,0,0,0,0,0,0,0,0,""
262454,True,60412,0,0,0,0,0,0,0,0,0,0,0,0,0,0,0,0,0,0,0,0,0,0,0,0,0,0,0,0,0,0,0,0,0,0,0,0,0,0,0,0,0,0,""
262455,True,60412,0,0,0,0,0,0,0,0,0,0,0,0,0,0,0,0,0,0,0,0,0,0,0,0,0,0,0,0,0,0,0,0,0,0,0,0,0,0,0,0,0,0,""
262456,True,60412,0,0,0,0,0,0,0,0,0,0,0,0,0,0,0,0,0,0,0,0,0,0,0,0,0,0,0,0,0,0,0,0,0,0,0,0,0,0,0,0,0,0,""
262457,True,60412,0,0,0,0,0,0,0,0,0,0,0,0,0,0,0,0,0,0,0,0,0,0,0,0,0,0,0,0,0,0,0,0,0,0,0,0,0,0,0,0,0,0,""
262458,True,60412,0,0,0,0,0,0,0,0,0,0,0,0,0,0,0,0,0,0,0,0,0,0,0,0,0,0,0,0,0,0,0,0,0,0,0,0,0,0,0,0,0,0,""
262459,True,60412,0,0,0,0,0,0,0,0,0,0,0,0,0,0,0,0,0,0,0,0,0,0,0,0,0,0,0,0,0,0,0,0,0,0,0,0,0,0,0,0,0,0,""
262460,True,60412,0,0,0,0,0,0,0,0,0,0,0,0,0,0,0,0,0,0,0,0,0,0,0,0,0,0,0,0,0,0,0,0,0,0,0,0,0,0,0,0,0,0,""
262461,True,60412,0,0,0,0,0,0,0,0,0,0,0,0,0,0,0,0,0,0,0,0,0,0,0,0,0,0,0,0,0,0,0,0,0,0,0,0,0,0,0,0,0,0,""
262462,True,60412,0,0,0,0,0,0,0,0,0,0,0,0,0,0,0,0,0,0,0,0,0,0,0,0,0,0,0,0,0,0,0,0,0,0,0,0,0,0,0,0,0,0,""
262463,True,60412,0,0,0,0,0,0,0,0,0,0,0,0,0,0,0,0,0,0,0,0,0,0,0,0,0,0,0,0,0,0,0,0,0,0,0,0,0,0,0,0,0,0,""
262464,True,60412,0,0,0,0,0,0,0,0,0,0,0,0,0,0,0,0,0,0,0,0,0,0,0,0,0,0,0,0,0,0,0,0,0,0,0,0,0,0,0,0,0,0,""
262465,True,60412,0,0,0,0,0,0,0,0,0,0,0,0,0,0,0,0,0,0,0,0,0,0,0,0,0,0,0,0,0,0,0,0,0,0,0,0,0,0,0,0,0,0,""
262466,True,60412,0,0,0,0,0,0,0,0,0,0,0,0,0,0,0,0,0,0,0,0,0,0,0,0,0,0,0,0,0,0,0,0,0,0,0,0,0,0,0,0,0,0,""
262467,True,60412,0,0,0,0,0,0,0,0,0,0,0,0,0,0,0,0,0,0,0,0,0,0,0,0,0,0,0,0,0,0,0,0,0,0,0,0,0,0,0,0,0,0,""
262468,True,60412,0,0,0,0,0,0,0,0,0,0,0,0,0,0,0,0,0,0,0,0,0,0,0,0,0,0,0,0,0,0,0,0,0,0,0,0,0,0,0,0,0,0,""
262469,True,60412,0,0,0,0,0,0,0,0,0,0,0,0,0,0,0,0,0,0,0,0,0,0,0,0,0,0,0,0,0,0,0,0,0,0,0,0,0,0,0,0,0,0,""
262470,True,60412,0,0,0,0,0,0,0,0,0,0,0,0,0,0,0,0,0,0,0,0,0,0,0,0,0,0,0,0,0,0,0,0,0,0,0,0,0,0,0,0,0,0,""
262471,True,60412,0,0,0,0,0,0,0,0,0,0,0,0,0,0,0,0,0,0,0,0,0,0,0,0,0,0,0,0,0,0,0,0,0,0,0,0,0,0,0,0,0,0,""
262472,True,60412,0,0,0,0,0,0,0,0,0,0,0,0,0,0,0,0,0,0,0,0,0,0,0,0,0,0,0,0,0,0,0,0,0,0,0,0,0,0,0,0,0,0,""
262473,True,60412,0,0,0,0,0,0,0,0,0,0,0,0,0,0,0,0,0,0,0,0,0,0,0,0,0,0,0,0,0,0,0,0,0,0,0,0,0,0,0,0,0,0,""
262474,True,60412,0,0,0,0,0,0,0,0,0,0,0,0,0,0,0,0,0,0,0,0,0,0,0,0,0,0,0,0,0,0,0,0,0,0,0,0,0,0,0,0,0,0,""
262475,True,60412,0,0,0,0,0,0,0,0,0,0,0,0,0,0,0,0,0,0,0,0,0,0,0,0,0,0,0,0,0,0,0,0,0,0,0,0,0,0,0,0,0,0,""
262476,True,60412,0,0,0,0,0,0,0,0,0,0,0,0,0,0,0,0,0,0,0,0,0,0,0,0,0,0,0,0,0,0,0,0,0,0,0,0,0,0,0,0,0,0,""
262477,True,60412,0,0,0,0,0,0,0,0,0,0,0,0,0,0,0,0,0,0,0,0,0,0,0,0,0,0,0,0,0,0,0,0,0,0,0,0,0,0,0,0,0,0,""
262478,True,60412,0,0,0,0,0,0,0,0,0,0,0,0,0,0,0,0,0,0,0,0,0,0,0,0,0,0,0,0,0,0,0,0,0,0,0,0,0,0,0,0,0,0,""
262479,True,60412,0,0,0,0,0,0,0,0,0,0,0,0,0,0,0,0,0,0,0,0,0,0,0,0,0,0,0,0,0,0,0,0,0,0,0,0,0,0,0,0,0,0,""
262480,True,60412,0,0,0,0,0,0,0,0,0,0,0,0,0,0,0,0,0,0,0,0,0,0,0,0,0,0,0,0,0,0,0,0,0,0,0,0,0,0,0,0,0,0,""
